Name	title	coding				
t3_17kxidx	PSYC 443 and 342?	class specific question				
t3_17qtgen	calling all psych students	social post				
t3_17lii50	can you pass comp350 without calc 3? found out I got the lowest grade on the midterm today	class specific question				
t3_17mbhdy	Are student publications still alive?	general question				
t3_17n5ojy	How to perform well on biol 200 final	class specific question				
t3_17qu41b	"ðŸŒ½ Introducing the McGill AI Society Kernel, our brand-new project incubator!"	social post				
t3_17pgjoi	FKQ certification exam - Did anyone take it?	general question				
t3_17mutjz	recent graduate with no health insurance yet - need some advice (urgent)	health				
t3_17nd6ov	MATH 151 after 140 and 141	class specific question				
t3_17n1h95	MGSC 372 Midterm	class specific question				
t3_17r38yc	Math 222 HELP PLEASE	class specific question				
t3_17le04d	"Graduated from Summer 2023, how are you doing"	social post				
t3_17ovt3d	good news monday	social post				
t3_17lu18l	'I'll listen to them': Legault vows to meet with 3 English universities about tuition hike concerns	political				
t3_17mr80d	How to make friends as a grad student	social post				
t3_17u337l	Psychology undergrad hardest core classes	degree question				
t3_17kd9a2	Extra-Time on Midterm due to Injury	general question				
t3_17mmgsv	REAL TALK FRIDAY	social post				
t3_17q0slu	Research Paper 360	class specific question				
t3_17skttl	For anyone who wanted a follow up on the math 141 midterm	class specific question				
t3_17u136x	Exam conflict?	general question				
t3_17owjfg	Sexual violence services	health				
t3_17mcxe1	Is there ANYTHING ANYONE can do to stop this dumb lard brained tuition hike from happening.	political				
t3_17n8q5i	Shinzo wo sasageyo	political				
t3_17nqlf5	McCall macbain Montreal interview	extracurricular topic				
t3_17mdkdq	"McGill layoffs predicted, 600-700 staff, what a shame"	political				
t3_17rqu2f	At least they are upfront that this position is going to be an internal hire	political				
t3_17rwoej	REAL TALK FRIDAY	social post				
t3_17r3ja6	Taking MATH 242 at very last semester	class specific question				
t3_17lwjmh	Discouraged after bad grade	social post				
t3_17sbfgk	authentificator app keeps asking for authentification when logging to mycourses	general question				
t3_17l1xkv	Math 454 make-up midterm	class specific question				
t3_17s7p14	Good spots for chalkboards or dry erase boards on campus?	general question				
t3_17kvtin	MATH 324 vs MATH 329	class specific question				
t3_17uewlu	Post Grad Advice?	general question				
t3_17p3t5p	How is MSCS at Mcgill?	extracurricular topic				
t3_17s59jw	Why is this subreddit so blatantly anti palestinian	political				
t3_17lhqw9	Affordable Dental Services?	health				
t3_17ma128	Is there anyone in film/ resources for film classes?	degree question				
t3_17uilor	Working fulltime as an International student	general question				
t3_17ttgjq	Final Exam Advice	general question				
t3_17qpka3	GameDev McGill Charity Livestream (Extra Life)	extracurricular topic				
t3_17qr4rn	CAQ's War on English Education	political				
t3_17l3dsf	Any web devs here?	extracurricular topic				
t3_17re5hz	Regrade on Midterms	general question				
t3_17lh70y	Lost Poli student	degree question				
t3_17popv6	Working at MILA as an undergrad?	extracurricular topic				
t3_17le795	Yall need to leave me alone	social post				
t3_17l1npo	Where does everybody get their lab opportunities?	extracurricular topic				
t3_17rgnmt	Idk how this poster helps the cause	political				
						